"studyName","Cycle","Event","Cast","Datetime UTC","Latitude (ยบ)","Longitude (ยบ)","Max Depth (m)","Notes"
P0605KN,0,6,1,"2006-05-09 01:12:05",32.85317,-117.73267,200,
P0605KN,0,16,2,"2006-05-09 06:19:47",33.11805,-118.2851,200,"no bottles tripped; problems"
P0605KN,0,35,3,"2006-05-10 12:10:52",34.33386,-120.8004,200,"CHECK: DateLog incorrect?"
P0605KN,0,42,4,"2006-05-10 23:00:14",34.33328,-120.8,150,
P0605KN,1,53,5,"2006-05-11 09:40:48",34.3333,-120.8,150,
P0605KN,1,59,6,"2006-05-11 12:35:44",34.33312,-120.7962,600,
P0605KN,1,66,7,"2006-05-11 19:00:15",34.31365,-120.812,150,
P0605KN,1,82,8,"2006-05-12 09:01:59",34.28856,-120.8365,150,
P0605KN,1,96,9,"2006-05-12 18:40:53",34.35922,-120.8976,150,"CTD aborted to reposition ship"
P0605KN,1,102,10,"2006-05-12 19:49:25",34.2925,-120.8776,150,
P0605KN,1,114,11,"2006-05-13 02:01:36",34.2813,-120.9044,100,
P0605KN,1,127,12,"2006-05-13 09:36:31",34.27569,-120.9464,150,
P0605KN,1,135,13,"2006-05-13 12:50:46",34.27594,-120.9438,150,
P0605KN,1,151,14,"2006-05-13 18:01:24",34.28605,-120.9783,150,
P0605KN,1,163,15,"2006-05-14 03:10:31",34.27149,-121.001,100,
P0605KN,1,178,16,"2006-05-14 09:00:37",34.27037,-121.0357,150,
P0605KN,1,184,17,"2006-05-14 11:23:13",34.27259,-121.0552,600,"2nd cond sensor off"
P0605KN,1,193,18,"2006-05-14 18:53:18",34.25898,-121.0581,150,
P0605KN,1,219,19,"2006-05-15 09:08:45",34.25954,-121.0568,150,
P0605KN,2,236,20,"2006-05-16 09:00:42",33.68134,-122.1983,150,
P0605KN,2,242,21,"2006-05-16 11:24:52",33.68564,-122.1975,600,
P0605KN,2,255,22,"2006-05-16 18:36:02",33.63227,-122.1813,210,
P0605KN,2,275,23,"2006-05-17 09:01:16",33.49601,-122.1127,200,
P0605KN,2,288,24,"2006-05-17 19:27:34",33.45472,-122.1286,210,
P0605KN,2,297,25,"2006-05-18 02:19:56",33.44038,-122.1208,200,"file named 18214025dat.dat"
P0605KN,2,320,26,"2006-05-18 19:55:16",33.47914,-122.1242,210,
P0605KN,2,336,27,"2006-05-19 08:01:15",33.61792,-122.1298,200,
P0605KN,2,341,28,"2006-05-19 11:19:03",33.61882,-122.1353,600,
P0605KN,2,349,29,"2006-05-19 17:57:01",33.57962,-122.1292,210,
P0605KN,2,358,30,"2006-05-20 01:41:59",33.53695,-122.0937,2500,
P0605KN,2,370,31,"2006-05-20 08:04:07",33.49394,-122.0862,200,
P0605KN,2,383,32,"2006-05-20 18:08:08",33.43977,-122.0655,300,
P0605KN,2,392,33,"2006-05-21 00:50:12",33.40787,-122.048,100,
P0605KN,2,404,34,"2006-05-21 09:03:29",33.3634,-122.0386,200,
P0605KN,3,420,35,"2006-05-22 09:09:19",34.61168,-120.7666,50,
P0605KN,3,427,36,"2006-05-22 18:01:46",34.63456,-120.7664,70,"bottle 10 was fired ~2min after bottle 9 (at same depth)"
P0605KN,3,437,37,"2006-05-23 03:11:24",34.71472,-120.7708,50,
P0605KN,3,439,38,"2006-05-23 04:15:33",34.71672,-120.7682,40,
P0605KN,3,455,39,"2006-05-23 07:42:03",34.73909,-120.7575,40,
P0605KN,3,460,40,"2006-05-23 09:15:48",34.7454,-120.7665,50,
P0605KN,3,469,41,"2006-05-23 18:06:45",34.79214,-120.7953,70,
P0605KN,3,481,42,"2006-05-24 02:06:30",34.8206,-120.7655,50,
P0605KN,3,485,43,"2006-05-24 03:59:36",34.82084,-120.779,30,
P0605KN,3,497,44,"2006-05-24 08:59:50",34.86453,-120.797,50,
P0605KN,3,509,45,"2006-05-24 18:05:10",34.86323,-120.8268,70,
P0605KN,3,515,46,"2006-05-25 01:11:18",34.87729,-120.805,40,
P0605KN,3,530,47,"2006-05-25 09:58:23",34.83556,-120.8313,70,
P0605KN,4,537,48,"2006-05-26 07:38:43",34.04687,-121.3032,1650,
P0605KN,4,540,49,"2006-05-26 09:43:05",34.04565,-121.304,150,"didn't use this cast"
P0605KN,4,543,50,"2006-05-26 10:26:00",34.0453,-121.3043,150,
P0605KN,4,547,51,"2006-05-26 18:01:57",34.04736,-121.3677,150,
P0605KN,4,555,52,"2006-05-27 09:02:03",34.0178,-121.4277,150,
P0605KN,4,561,53,"2006-05-27 19:40:08",34.02025,-121.5188,150,"valve open on #2"
P0605KN,4,569,54,"2006-05-28 02:05:02",34.01154,-121.5379,150,
P0605KN,4,580,55,"2006-05-28 09:28:59",33.95965,-121.5714,150,
P0605KN,4,590,56,"2006-05-28 19:05:33",33.96804,-121.6232,150,
P0605KN,4,600,57,"2006-05-29 02:03:25",33.94008,-121.6222,150,
P0605KN,4,613,58,"2006-05-29 09:08:31",33.88656,-121.6455,150,"bottles 1 and 21 did not fire"
P0605KN,4,627,59,"2006-05-30 00:08:39",33.83449,-121.7205,2500,"destroyed ISUS sensor"
P0605KN,4,630,60,"2006-05-30 09:17:52",33.86508,-121.7218,150,
P0605KN,4,637,61,"2006-05-30 18:39:53",33.83575,-121.7013,150,"2nd conductivity sensor is defective"
P0605KN,4,664,62,"2006-05-31 09:35:25",33.75663,-121.7096,600,"bottles 1 and 21 did not fire"
P0605KN,5,673,63,"2006-06-01 09:14:22",32.85005,-123.9991,200,"bottles 1 and 21 did not fire"
P0605KN,5,679,64,"2006-06-01 13:06:55",32.85056,-123.9976,600,
P0605KN,5,685,65,"2006-06-01 18:12:18",32.82394,-124.0184,250,
P0605KN,5,679,66,"2006-06-01 13:06:55",32.85056,-123.9976,100,
P0605KN,5,703,67,"2006-06-02 08:58:50",32.77602,-124.0864,200,
P0605KN,5,714,68,"2006-06-02 19:36:42",32.74389,-124.1203,250,
P0605KN,5,724,69,"2006-06-03 02:05:09",32.7167,-124.1617,200,
P0605KN,5,737,70,"2006-06-03 09:03:43",32.66868,-124.1889,200,"bottle 21 did not fire"
P0605KN,5,750,71,"2006-06-03 18:32:44",32.61567,-124.2093,250,
P0605KN,5,766,72,"2006-06-04 09:03:06",32.4933,-124.2536,200,
P0605KN,5,774,73,"2006-06-04 18:46:32",32.43302,-124.2892,250,"Sun: good"
P0605KN,5,800,74,"2006-06-05 02:37:31",32.37777,-124.2835,80,
P0605KN,5,800,75,"2006-06-05 02:37:31",32.37777,-124.2835,800,"bottle 1 did not trip"
P0704TN,0,15,1,"2007-04-02 01:14:32",33.196,-118.381,,"test cast"
P0704TN,1,29,2,"2007-04-03 07:14:23",34.25,-120.836,100,
P0704TN,1,35,3,"2007-04-03 09:18:48",34.256,-120.841,200,
P0704TN,1,41,4,"2007-04-03 12:30:35",34.256,-120.841,600,
P0704TN,1,48,5,"2007-04-03 19:24:40",34.268,-120.876,500,
P0704TN,1,61,6,"2007-04-04 02:06:46",34.277,-120.884,50,
P0704TN,1,73,7,"2007-04-04 09:07:41",34.277,-120.911,200,"no samples, 2 bottles misfired"
P0704TN,1,76,8,"2007-04-04 09:51:58",34.277,-120.911,200,
P0704TN,1,89,9,"2007-04-04 19:02:32",34.293,-120.927,500,
P0704TN,1,99,10,"2007-04-05 02:09:53",34.331,-120.916,50,
P0704TN,1,112,11,"2007-04-05 09:13:02",34.331,-120.948,200,
P0704TN,1,126,12,"2007-04-05 18:13:33",34.358,-120.985,500,
P0704TN,1,136,13,"2007-04-06 01:15:56",34.374,-121.005,100,
P0704TN,1,148,14,"2007-04-06 09:12:45",34.359,-121.049,200,"cast aborted, no samples taken"
P0704TN,1,151,15,"2007-04-06 09:38:17",34.359,-121.054,200,
P0704TN,1,156,16,"2007-04-06 12:26:52",34.361,-121.063,800,
P0704TN,1,166,17,"2007-04-06 18:29:08",34.358,-121.075,500,
P0704TN,1,175,18,"2007-04-07 02:11:38",34.348,-121.104,27,
P0704TN,1,187,19,"2007-04-07 09:12:46",34.314,-121.148,200,
P0704TN,1,194,20,"2007-04-07 13:15:17",34.272,-121.166,121,
P0704TN,2,208,21,"2007-04-08 19:27:13",33.659,-123.132,500,
P0704TN,2,219,22,"2007-04-09 02:59:31",33.625,-123.133,200,
P0704TN,2,229,23,"2007-04-09 09:10:50",33.548,-123.156,200,
P0704TN,2,239,24,"2007-04-09 19:09:24",33.495,-123.212,500,
P0704TN,2,254,25,"2007-04-10 02:26:15",33.476,-123.239,1000,
P0704TN,2,263,26,"2007-04-10 09:28:51",33.406,-123.278,200,
P0704TN,2,276,27,"2007-04-10 18:16:11",33.402,-123.357,500,
P0704TN,2,288,28,"2007-04-11 01:25:52",33.38,-123.383,200,
P0704TN,2,303,29,"2007-04-11 09:27:59",33.328,-123.448,200,
P0704TN,2,319,30,"2007-04-11 18:34:19",33.341,-123.534,500,
P0704TN,2,336,31,"2007-04-12 04:48:59",33.318,-123.571,100,
P0704TN,2,347,32,"2007-04-12 09:23:08",33.28,-123.637,800,
P0704TN,3,361,33,"2007-04-14 03:12:29",34.226,-120.621,200,
P0704TN,3,373,34,"2007-04-14 09:11:00",34.222,-120.62,200,
P0704TN,3,381,35,"2007-04-14 18:44:24",34.184,-120.617,200,
P0704TN,4,390,36,"2007-04-15 09:12:39",34.227,-121.194,200,
P0704TN,4,395,37,"2007-04-15 12:19:28",34.206,-121.189,600,
P0704TN,4,406,38,"2007-04-15 19:41:34",34.16,-121.212,500,
P0704TN,4,418,39,"2007-04-16 02:39:09",34.02,-121.197,,
P0704TN,4,427,40,"2007-04-16 09:12:26",33.918,-121.158,200,
P0704TN,4,443,41,"2007-04-16 18:30:14",33.879,-121.138,500,
P0704TN,4,450,42,"2007-04-17 01:07:59",33.85,-121.109,200,
P0704TN,4,461,43,"2007-04-17 09:27:35",33.818,-121.083,200,
P0704TN,4,466,44,"2007-04-17 12:15:22",33.811,-121.078,600,
P0704TN,4,476,45,"2007-04-17 18:28:07",33.799,-121.078,500,
P0704TN,4,487,46,"2007-04-18 01:59:47",33.771,-121.021,200,
P0704TN,4,495,47,"2007-04-18 09:13:28",33.741,-121,200,
P0704TN,4,511,48,"2007-04-18 19:05:37",33.765,-120.925,500,
P0704TN,4,525,49,"2007-04-19 04:44:58",33.773,-120.839,200,
P0704TN,4,537,50,"2007-04-19 09:58:15",33.8,-120.779,500,
P0810MV,Transit,4,1,"2008-09-30 22:35:11",32.63117,-118.54422,500,"chla, EP1, Alf"
P0810MV,0,26,2,"2008-10-02 09:18:40",32.6433,-124.00238,500,
P0810MV,0,38,3,"2008-10-02 12:40:46",32.6388,-124.00635,500,"Th, TOC/TN"
P0810MV,1,49,4,"2008-10-03 08:01:11",34.06037,-121.05984,100,"microscopy Btl 24 didn't fire"
P0810MV,1,61,5,"2008-10-04 04:38:10",34.13043,-120.96667,200,incubations
P0810MV,1,69,6,"2008-10-04 08:55:25",34.1286,-120.97616,500,"FileName corrected; Btl 24 didn't fire"
P0810MV,1,77,7,"2008-10-04 11:48:25",34.13146,-120.95091,400,"Th, TOC/TN; Btl 9 didn't fire"
P0810MV,1,87,8,"2008-10-04 19:27:07",34.14314,-120.9174,500,
P0810MV,1,92.5,9,"2008-10-05 01:24:44",34.13962,-120.88313,200,"incubations, nutrients, new prod."
P0810MV,1,107,10,"2008-10-05 09:29:50",34.11372,-120.84061,500,
P0810MV,1,121,11,"2008-10-05 19:37:41",34.07361,-120.82937,500,
P0810MV,1,130.5,12,"2008-10-06 02:50:22",34.02337,-120.80061,500,"Th, dilutions; Btl 10 didn't fire"
P0810MV,1,139,13,"2008-10-06 09:47:48",33.96771,-120.76753,500,
P0810MV,1,156,14,"2008-10-06 20:24:32",33.89221,-120.75761,500,
P0810MV,1,165,15,"2008-10-07 03:38:04",33.86738,-120.75043,200,"incubations, nutrients"
P0810MV,1,178,16,"2008-10-07 09:35:32",33.78252,-120.73135,500,
P0810MV,1,196,17,"2008-10-07 19:39:06",33.70083,-120.75729,500,
P0810MV,1,,18,,,,200,incubations
P0810MV,1,217,19,"2008-10-08 09:26:42",33.53066,-120.72582,500,
P0810MV,2,230,20,"2008-10-09 09:30:18",32.88545,-123.68619,500,
P0810MV,2,234,21,"2008-10-09 12:36:31",32.88536,-123.68932,1000,"Th, TOC/TN"
P0810MV,2,249,22,"2008-10-10 09:41:26",32.80033,-123.66241,300,
P0810MV,2,254,23,"2008-10-11 01:58:13",32.77056,-123.66616,300,dilutions
P0810MV,2,263,24,"2008-10-11 08:54:55",32.71251,-123.67722,300,
P0810MV,2,273,25,"2008-10-11 19:50:09",32.68511,-123.68321,500,
P0810MV,2,278.5,26,"2008-10-12 01:42:17",32.60215,-123.66499,500,"Th, incubations"
P0810MV,2,291,27,"2008-10-12 10:12:23",32.44806,-123.73192,500,
P0810MV,2,303,28,"2008-10-12 19:28:47",32.4047,-123.75671,500,
P0810MV,2,313,29,"2008-10-13 02:04:06",32.35038,-123.7684,1000,"incubations, nutrients, new prod."
P0810MV,2,323,30,"2008-10-13 09:35:18",32.29121,-123.84355,500,
P0810MV,2,336,31,"2008-10-13 19:43:28",32.25834,-123.87231,500,
P0810MV,2,342,32,"2008-10-14 00:58:22",32.20962,-123.87642,1000,incubations
P0810MV,2,354,33,"2008-10-14 08:44:06",32.14938,-123.94529,500,
P0810MV,3,370,34,"2008-10-15 08:50:34",33.95001,-121.81324,500,
P0810MV,3,374,35,"2008-10-15 11:46:02",33.95131,-121.81153,200,"Th, TOC/TN"
P0810MV,3,386,36,"2008-10-15 18:52:31",33.96592,-121.78547,500,
P0810MV,3,394,37,"2008-10-16 00:00:31",33.9705,-121.77674,1000,"incubations, nutrients"
P0810MV,3,405,38,"2008-10-16 08:48:20",34.01767,-121.76477,500,
P0810MV,3,421,39,"2008-10-16 19:28:03",34.03856,-121.73911,500,
P0810MV,3,431,40,"2008-10-17 01:57:12",34.06372,-121.71993,500,
P0810MV,3,444,41,"2008-10-17 09:46:34",34.11468,-121.6762,500,
P0810MV,3,460,42,"2008-10-17 19:24:03",34.13656,-121.65417,500,
P0810MV,3,466,43,"2008-10-18 00:22:44",34.19288,-121.6385,1000,"incubations, nutrients"
P0810MV,3,479,44,"2008-10-18 08:42:26",34.20238,-121.58066,1000,
P0810MV,4,489,45,"2008-10-19 11:15:20",33.61118,-121.15623,500,
P0810MV,4,493,46,"2008-10-19 13:35:22",33.61673,-121.17168,500,"TOC/TN, Th"
P0810MV,4,503,47,"2008-10-19 19:38:37",33.62353,-121.1721,500,
P0810MV,4,511,48,"2008-10-20 03:20:21",33.64126,-121.17924,200,incubations
P0810MV,4,522,49,"2008-10-20 10:07:46",33.60717,-121.16362,500,
P0810MV,4,534,50,"2008-10-20 20:16:33",33.60991,-121.17783,500,
P0810MV,4,542,51,"2008-10-21 02:43:57",33.59966,-121.20121,500,"dilutions & zooplankton"
P0810MV,4,555,52,"2008-10-21 10:19:59",33.54841,-121.17907,1000,
P0810MV,5,570,53,"2008-10-22 08:58:23",32.92,-120.90345,500,
P0810MV,5,578,54,"2008-10-22 11:50:42",32.9002,-120.93407,1000,"Th, TOC/TN, nutrients"
P0810MV,5,590,55,"2008-10-22 19:13:55",32.87254,-120.93066,500,
P0810MV,5,603,56,"2008-10-23 03:21:22",32.85515,-120.90487,500,incubations
P0810MV,5,612,57,"2008-10-23 08:53:40",32.81728,-120.84192,500,
P0810MV,5,622,58,"2008-10-23 19:23:45",32.833,-120.74632,500,
P0810MV,5,630,60,,32.83707,-120.65192,500,"full dilution experiments"
P0810MV,5,643,62,"2008-10-24 09:34:29",32.85229,-120.56791,1000,
P0810MV,Transit,650,63,"2008-10-24 14:18:13",32.77911,-120.80198,500,
P0810MV,Transit,656,64,"2008-10-24 22:36:46",32.67376,-120.72121,300,
P0810MV,5.5,663,65,"2008-10-25 04:35:47",32.66673,-120.70979,300,
P0810MV,5.5,668,66,"2008-10-25 05:27:00",32.70173,-120.70869,300,
P0810MV,5.5,673,67,"2008-10-25 06:13:21",32.72472,-120.70752,300,
P0810MV,5.5,678,68,"2008-10-25 07:05:01",32.74981,-120.70897,300,
P0810MV,5.5,683,69,"2008-10-25 08:00:26",32.77611,-120.70705,300,
P0810MV,5.5,688,70,"2008-10-25 08:55:14",32.80278,-120.71004,300,
P0810MV,5.5,693,71,"2008-10-25 09:52:56",32.82624,-120.7094,300,
P0810MV,5.5,698,72,"2008-10-25 10:50:29",32.85153,-120.71079,300,
P0810MV,5.5,703,73,"2008-10-25 11:53:59",32.89653,-120.70881,300,
P0810MV,6,714,74,"2008-10-26 01:26:58",32.5989,-120.60652,1000,"incubation + Th"
P0810MV,6,727,75,"2008-10-26 09:39:58",32.59695,-120.56143,500,
P0810MV,6,743,76,"2008-10-26 19:23:26",32.59215,-120.46799,500,
P0810MV,6,752.5,77,"2008-10-27 02:41:32",32.57548,-120.38943,500,
P0810MV,6,763,78,"2008-10-27 08:52:35",32.56962,-120.32823,500,
P0810MV,6,778,,"2008-10-27 19:20:56",32.53856,-120.23418,500,
P0810MV,6,799,,"2008-10-28 12:17:32",32.49409,-120.11159,1000,
P0810MV,Transit,806,,"2008-10-28 22:14:20",32.31578,-119.70883,300,"Cast @ 300m for live animals"
P1106MV,Test,9,1,"2011-06-19 02:05:00",33.07555,-118.4713,500,"Front Survey - test cast"
P1106MV,"Upfront 1",13,2,"2011-06-20 04:00:00",33.89982,-122.0999,300,"Front Survey 1"
P1106MV,"Upfront 1",20,3,"2011-06-20 05:29:00",33.90488,-122.0832,300,"Front Survey (2)"
P1106MV,"Upfront 1",27,4,"2011-06-20 06:41:00",33.9099,-122.0665,300,"Front Survey (3); time off"
P1106MV,"Upfront 1",33,5,"2011-06-20 07:55:00",33.91495,-122.0499,300,"Front Survey 4"
P1106MV,"Upfront 1",39,6,"2011-06-20 09:11:00",33.91983,-122.0333,300,"Front Survey (5)"
P1106MV,"Upfront 1",45,7,"2011-06-20 10:34:00",33.92485,-122.0165,300,"Front Survey (6)"
P1106MV,"Upfront 1",51,8,"2011-06-20 11:46:00",33.92927,-121.9987,300,"Front Survey (7); no bottles fired"
P1106MV,Test??,57,9,"2011-06-23 21:42:00",34.03998,-121.6966,1000,"Trace only, no bottles"
P1106MV,"Cycle 1",63,10,"2011-06-24 09:39:00",34.03473,-121.7015,500,
P1106MV,"Cycle 1",70,11,"2011-06-24 12:57:00",34.01752,-121.6784,200,Th
P1106MV,"Cycle 1",80,12,"2011-06-24 18:32:00",33.99725,-121.6347,500,
P1106MV,"Cycle 1",98,13,"2011-06-25 09:57:00",33.91493,-121.4621,500,
P1106MV,"Cycle 1",107,14,"2011-06-25 17:25:00",33.8658,-121.3725,500,
P1106MV,"Cycle 1",127,15,"2011-06-26 10:42:00",33.69713,-121.2299,500,"Th, organics"
P1106MV,"Cycle 1",150,16,"2011-06-27 09:42:00",33.57598,-121.7727,500,
P1106MV,"Cycle 1",157,17,"2011-06-27 12:24:00",33.56513,-121.7515,200,Th
P1106MV,"Cycle 1",171,18,"2011-06-27 18:51:00",33.52032,-121.7125,500,
P1106MV,"Cycle 2",180,19,"2011-06-28 02:56:00",33.47773,-121.666,100,Th
P1106MV,"Cycle 2",187,20,"2011-06-28 07:43:00",33.45165,-121.6562,200,"H2O for egg prod."
P1106MV,"Cycle 2",190,21,"2011-06-28 09:03:00",33.42105,-121.6237,500,
P1106MV,"Cycle 2",200,22,"2011-06-28 18:38:00",33.3591,-121.5739,500,"BioOptics, organics"
P1106MV,"Cycle 2",213,23,"2011-06-29 11:03:00",33.22278,-121.4633,500,"Th, exp"
P1106MV,"Cycle 3",228,24,"2011-06-30 09:08:00",34.10757,-121.6502,500,
P1106MV,"Cycle 3",235,25,"2011-06-30 12:02:00",34.0892,-121.6149,200,"Th, ZooP"
P1106MV,"Cycle 3",249,26,"2011-06-30 17:41:00",34.06848,-121.5803,50,"Cast to 50m at 10m/min"
P1106MV,"Cycle 3",249.1,27,"2011-06-30 17:58:00",34.06848,-121.5803,500,"BioOptics, organics"
P1106MV,"Cycle 3",255,28,"2011-07-01 02:43:00",34.07198,-121.5018,500,
P1106MV,"Cycle 3",262,29,"2011-07-01 07:50:00",34.05455,-121.4697,500,ZooP
P1106MV,"Cycle 3",265,30,"2011-07-01 09:08:00",34.05652,-121.474,500,
P1106MV,"Cycle 3",284,31,"2011-07-01 17:52:00",34.0824,-121.4387,500,"BioOptics, organics, DNA"
P1106MV,"Cycle 3",299,32,"2011-07-02 10:53:00",34.10408,-121.4234,500,"Th, Chl"
P1106MV,"Upfront 2",310,33,"2011-07-03 02:38:00",33.7876,-121.777,300,"Front Survey - Crossing 01"
P1106MV,"Upfront 2",317,34,"2011-07-03 03:35:00",33.80022,-121.7591,300,"Front Survey - Crossing 02"
P1106MV,"Upfront 2",322,35,"2011-07-03 04:39:00",33.81235,-121.7423,300,"Front Survey - Crossing 03"
P1106MV,"Upfront 2",328,36,"2011-07-03 05:40:00",33.8251,-121.7256,300,"Front Survey - Crossing 04"
P1106MV,"Upfront 2",334,37,"2011-07-03 06:41:00",33.83712,-121.7087,300,"Front Survey - Crossing 05; air in sensor"
P1106MV,"Upfront 2",340,38,"2011-07-03 07:47:00",33.84942,-121.692,300,"Front Survey - Crossing 06"
P1106MV,"Upfront 2",346,39,"2011-07-03 08:54:00",33.86205,-121.6746,300,"Front Survey - Crossing 07"
P1106MV,"Upfront 2",352,40,"2011-07-03 10:01:00",33.87442,-121.6571,300,"Front Survey - Crossing 08"
P1106MV,"Upfront 2",358,41,"2011-07-03 11:05:00",33.88623,-121.6392,300,"Front Survey - Crossing 09"
P1106MV,"Upfront 2",364,42,"2011-07-03 12:08:00",33.89928,-121.6231,300,"Front Survey - Crossing 10"
P1106MV,"Cycle 4",377,43,"2011-07-07 09:06:00",33.53258,-121.0931,500,
P1106MV,"Cycle 4",384,44,"2011-07-07 11:52:00",33.52733,-121.1152,500,"Th, ZooP"
P1106MV,"Cycle 4",398,45,"2011-07-07 18:12:00",33.49268,-121.1077,500,"Chl, organics, BioOptics"
P1106MV,"Cycle 4",408,46,"2011-07-08 03:11:00",33.44312,-121.1568,500,"N-15, nutrients"
P1106MV,"Cycle 4",415,47,"2011-07-08 08:12:00",33.39288,-121.1544,500,ZooP
P1106MV,"Cycle 4",418,48,"2011-07-08 09:05:00",33.38853,-121.1558,500,
P1106MV,"Cycle 4",439,49,"2011-07-08 18:02:00",33.29013,-121.1776,500,"nutrients, organics DNA, etc."
P1106MV,"Cycle 4",454,50,"2011-07-09 11:12:00",33.08905,-121.154,500,"Th, Chl"
P1106MV,"Cycle 5",465,51,"2011-07-10 09:12:00",33.4207,-121.3936,500,
P1106MV,"Cycle 5",469,52,"2011-07-10 12:25:00",33.38128,-121.4098,500,"Th, ZooP"
P1106MV,"Cycle 5",482,53,"2011-07-10 17:54:00",33.31892,-121.4109,500,"Chl, organics, BioOptics,DNA, etc."
P1106MV,"Cycle 5",491,54,"2011-07-11 03:02:00",33.18425,-121.4232,500,"Full dilution"
P1106MV,"Cycle 5",498,55,"2011-07-11 07:56:00",33.10515,-121.4077,500,
P1106MV,"Cycle 5",501,56,"2011-07-11 09:04:00",33.08437,-121.4067,500,
P1106MV,"Cycle 5",521,57,"2011-07-11 17:54:00",32.95623,-121.4082,500,"Chl, BioOptics, organics, etc."
P1106MV,"Cycle 5",534,58,"2011-07-12 10:33:00",32.7352,-121.2933,1000,"Chl, Th, organics"
P1106MV,"Cycle 6",547,59,"2011-07-13 11:08:00",33.5192,-121.1139,500,
P1106MV,"Cycle 6",552,60,"2011-07-13 13:17:00",33.49057,-121.1209,500,"Th, ZooP"
P1106MV,"Cycle 6",557,61,"2011-07-13 17:02:00",33.40598,-121.1721,500,"Chl, nutrients, organics, etc."
P1106MV,"Cycle 6",564,62,"2011-07-14 08:10:00",33.10332,-121.2548,500,ZooP
P1106MV,"Cycle 6",567,63,"2011-07-14 09:09:00",33.06902,-121.2561,500,
P1106MV,"Cycle 6",583,64,"2011-07-14 17:48:00",32.87317,-121.2635,500,"Chl, nutrients, organics, etc."
P1106MV,"Cycle 6",598,65,"2011-07-15 10:31:00",32.5824,-121.06525,500,"Th, Chl, ZooP"
P1106MV,"Upfront 3",610,66,"2011-07-16 03:48:00",33.60232,-120.85445,300,"Front Survey - No. 1"
P1106MV,"Upfront 3",616,67,"2011-07-16 04:55:00",33.59142,-120.89128,300,"Front Survey - No. 2"
P1106MV,"Upfront 3",622,68,"2011-07-16 05:50:00",33.58563,-120.91035,300,"Front Survey - No. 3"
P1106MV,"Upfront 3",628,69,"2011-07-16 06:45:00",33.58008,-120.92855,300,"Front Survey - No. 4"
P1106MV,"Upfront 3",634,70,"2011-07-16 07:45:00",33.57392,-120.94905,300,"Front Survey - No. 5"
P1106MV,"Upfront 3",640,71,"2011-07-16 08:44:00",33.56857,-120.96665,300,"Front Survey - No. 6"
P1106MV,"Upfront 3",646,72,"2011-07-16 09:50:00",33.5588,-120.99913,300,"Front Survey - No. 7; Btl 2 pinched o-ring"
P1106MV,"Upfront 3",652,73,"2011-07-16 10:53:00",33.55123,-121.02277,300,"Front Survey - No. 8"
P1106MV,"Upfront 3",658,74,"2011-07-16 11:58:00",33.54292,-121.05122,300,"Front Survey - No. 9"
P1106MV,"Upfront 3",664,75,"2011-07-16 13:02:00",33.53062,-121.08895,300,"Front Survey - 10"
P1208MV,Cycle0,6,1,"2012-07-28 22:12:00",33.099,-118.3114,,
P1208MV,Cycle0,18,2,"2012-07-29 20:58:00",34.31951,-120.1824,,
P1208MV,EFront1,85,3,"2012-08-04 22:06:00",34.60085,-123.0814,,"EFfront 1 Cast 1"
P1208MV,EFront1,92,4,"2012-08-05 02:38:00",34.59336,-122.9922,,"EFfront 1 Cast 2"
P1208MV,EFront1,97,5,"2012-08-05 04:22:00",34.58741,-122.9015,,"EFfront 1 Cast 3"
P1208MV,EFront1,104,6,"2012-08-05 06:19:00",34.58648,-122.8828,,"EFfront 1 Cast 4"
P1208MV,EFront1,110,7,"2012-08-05 07:40:00",34.58463,-122.8658,,"EFfront 1 Cast 5"
P1208MV,EFront1,115,8,"2012-08-05 08:45:00",34.58364,-122.8477,,"EFfront 1 Cast 6"
P1208MV,EFront1,120,9,"2012-08-05 09:49:00",34.58232,-122.8301,,"EFfront 1 Cast 7"
P1208MV,EFront1,125,10,"2012-08-05 11:03:00",34.57978,-122.7939,,"EFfront 1 Cast 8"
P1208MV,EFront1,129,11,"2012-08-05 12:09:00",34.57828,-122.7737,,"EFfront 1 Cast 9"
P1208MV,EFront1,134,12,"2012-08-05 13:09:00",34.57457,-122.7409,,"EFfront 1 Cast 10"
P1208MV,EFront1,141,13,"2012-08-05 15:06:00",34.57299,-122.6995,,"EFfront 1 Cast 11"
P1208MV,EFront1,146,14,"2012-08-05 16:40:00",34.5705,-122.6615,,"EFfront 1 Cast 12"
P1208MV,EFront1,151,15,"2012-08-05 18:13:00",34.56509,-122.577,,"EFfront 1 Cast 13"
P1208MV,Cycle1,163,17,"2012-08-06 09:15:00",34.56763,-122.7648,,"EFfront 1 Cast 14"
P1208MV,Cycle1,169,18,"2012-08-06 12:09:00",34.51485,-122.7927,,
P1208MV,Cycle1,178,19,"2012-08-06 17:48:00",34.43292,-122.8311,,
P1208MV,Cycle1,187,20,"2012-08-07 03:18:00",34.28846,-122.8579,,
P1208MV,Cycle1,195,21,"2012-08-07 08:58:00",34.21371,-122.9041,,
P1208MV,Cycle1,208,22,"2012-08-07 17:40:00",34.08419,-122.9431,,
P1208MV,Cycle1,216,23,"2012-08-08 02:11:00",33.96006,-122.96,,
P1208MV,Cycle1,224,24,"2012-08-08 09:06:00",33.85843,-122.9613,,
P1208MV,Cycle1,235,25,"2012-08-08 17:30:00",33.73201,-122.9203,,
P1208MV,Cycle1,249,26,"2012-08-09 10:05:00",33.54768,-122.8609,,
P1208MV,Cycle2,257,27,"2012-08-10 09:03:00",34.57234,-123.0386,,
P1208MV,Cycle2,263,28,"2012-08-10 12:08:00",34.52457,-123.0789,,
P1208MV,Cycle2,272,29,"2012-08-10 17:45:00",34.43333,-123.0989,,
P1208MV,Cycle2,277,30,"2012-08-10 22:33:00",34.33028,-123.1297,,"only nutrient samples"
P1208MV,Cycle2,282,31,"2012-08-11 04:48:00",34.2402,-123.1817,,
P1208MV,Cycle2,289,32,"2012-08-11 09:31:00",34.09219,-123.2575,,
P1208MV,Cycle2,302,33,"2012-08-11 17:27:00",33.90755,-123.3088,,
P1208MV,Cycle2,312,34,"2012-08-12 02:51:00",33.70977,-123.2442,,
P1208MV,Cycle2,321,35,"2012-08-12 10:02:00",33.58129,-123.1776,,
P1208MV,Cycle3,329,36,"2012-08-13 09:03:00",34.54643,-122.5009,,
P1208MV,Cycle3,335,37,"2012-08-13 12:01:00",34.53516,-122.5012,,
P1208MV,Cycle3,344,38,"2012-08-13 17:30:00",34.53571,-122.504,,
P1208MV,Cycle3,353,39,"2012-08-14 04:10:00",,,,
P1208MV,Cycle3,360,40,"2012-08-14 09:01:00",34.49759,-122.4804,,
P1208MV,Cycle3,373,41,"2012-08-14 17:28:00",34.49992,-122.4573,,
P1208MV,Cycle3,380,42,"2012-08-15 04:14:00",34.50404,-122.4261,,
P1208MV,Cycle3,389,43,"2012-08-15 11:12:00",34.51345,-122.4025,,
P1208MV,Cycle4,400,44,"2012-08-16 09:00:00",34.5429,-123.2678,,
P1208MV,Cycle4,406,45,"2012-08-16 11:57:00",34.50884,-123.2842,,
P1208MV,Cycle4,415,46,"2012-08-16 17:30:00",34.46168,-123.3288,,
P1208MV,Cycle4,422,47,"2012-08-17 01:52:00",34.37244,-123.3858,,
P1208MV,Cycle4,428,48,"2012-08-17 09:02:00",34.31582,-123.4583,,
P1208MV,Cycle4,439,49,"2012-08-17 17:30:00",34.2261,-123.5331,,
P1208MV,Cycle4,448,50,"2012-08-18 01:30:00",34.14909,-123.6058,,
P1208MV,Cycle4,457,51,"2012-08-18 10:05:00",34.06398,-123.6868,,
P1208MV,Cycle5,469,52,"2012-08-19 08:09:00",34.0849,-123.3124,,
P1208MV,Cycle5,475,53,"2012-08-19 11:04:00",34.05032,-123.3607,,
P1208MV,Cycle5,484,54,"2012-08-19 17:31:00",33.95985,-123.469,,
P1208MV,Cycle5,489,55,"2012-08-20 02:11:00",33.94563,-123.4972,,
P1208MV,Cycle5,498,56,"2012-08-20 08:36:00",33.78283,-123.6193,,
P1208MV,EFront2,503,57,"2012-08-20 23:38:00",34.55758,-122.5212,,"EFfront 2 Cast 1"
P1208MV,EFront2,509,58,"2012-08-21 02:01:00",34.56417,-122.6166,,"EFfront 2 Cast 2"
P1208MV,EFront2,515,59,"2012-08-21 03:31:00",34.56749,-122.6653,,"EFfront 2 Cast 3"
P1208MV,EFront2,522,60,"2012-08-21 05:27:00",34.57217,-122.7134,,"EFfront 2 Cast 4"
P1208MV,EFront2,527,61,"2012-08-21 06:51:00",34.57499,-122.7616,,"EFfront 2 Cast 5"
P1208MV,EFront2,532,62,"2012-08-21 08:09:00",34.57838,-122.8096,,"EFfront 2 Cast 6"
P1208MV,EFront2,539,63,"2012-08-21 09:53:00",34.58216,-122.8578,,"EFfront 2 Cast 7"
P1208MV,EFront2,544,64,"2012-08-21 11:09:00",34.58476,-122.906,,"EFfront 2 Cast 8"
P1208MV,EFront2,553,65,"2012-08-21 13:15:00",34.58718,-122.9554,,"EFfront 2 Cast 9"
P1208MV,EFront2,556,66,"2012-08-21 14:42:00",34.59527,-123.0499,,"EFfront 2 Cast 10"
P1408MV,"Cycle 0",11,1,"2014-08-07 04:35:53",32.28112,-118.275,703,
P1408MV,"Cycle 0",20,2,"2014-08-08 10:42:56",34.26593,-120.7165,510,
P1408MV,"Cycle 1",71,3,"2014-08-11 09:05:24",34.51287,-120.7702,257,
P1408MV,"Cycle 1",77,4,"2014-08-11 12:37:22",34.55562,-120.7871,236,
P1408MV,"Cycle 1",89,5,"2014-08-11 18:45:46",34.60925,-120.8238,154,
P1408MV,"Cycle 1",94,6,"2014-08-11 22:40:15",34.65591,-120.8808,232,
P1408MV,"Cycle 1",97,7,"2014-08-12 03:06:43",34.68648,-120.9224,155,
P1408MV,"Cycle 1",107,8,"2014-08-12 09:43:58",34.72423,-121.0039,408,"various bottles did not trip.  Sampling bottle numbers were changed"
P1408MV,"Cycle 1",118,9,"2014-08-12 17:44:35",34.76128,-121.0811,459,
P1408MV,"Cycle 1",125,10,"2014-08-13 02:07:15",34.78368,-121.1581,477,
P1408MV,"Cycle 1",132,11,"2014-08-13 08:56:34",34.81323,-121.2174,500,
P1408MV,"Cycle 1",144,12,"2014-08-13 17:31:48",34.83061,-121.2655,356,
P1408MV,"Cycle 1",149,13,"2014-08-14 01:09:55",34.85176,-121.3096,405,
P1408MV,"Cycle 1",158,14,"2014-08-14 09:55:09",34.86689,-121.3611,406,"last cast cycle 1"
P1408MV,"Cycle 0",163,15,"2014-08-14 19:17:23",34.42419,-121.033,1015,
P1408MV,"Cycle 0",172,16,"2014-08-15 03:37:39",34.51387,-121.1397,996,
P1408MV,"Cycle 0",181,17,"2014-08-16 05:33:14",34.40977,-120.6051,249,
P1408MV,"Cycle 0",189,18,"2014-08-16 20:12:00",34.32942,-120.7948,711,
P1408MV,"Cycle 2",201,19,"2014-08-17 09:53:49",34.26789,-120.8229,711,
P1408MV,"Cycle 2",207,20,"2014-08-17 12:45:59",34.26449,-120.8244,711,
P1408MV,"Cycle 2",218,21,"2014-08-17 18:10:20",34.23954,-120.8162,702,
P1408MV,"Cycle 2",223,22,"2014-08-18 01:30:07",34.22484,-120.8405,763,
P1408MV,"Cycle 2",230,23,"2014-08-18 09:42:40",34.17487,-120.8699,711,
P1408MV,"Cycle 2",244,24,"2014-08-18 17:44:22",34.15619,-120.8902,706,"between down and up cast we drifted into water with different Fluors etc.  10 m change in the MLD between up and down cast."
P1408MV,"Cycle 2",250.1,25,"2014-08-19 01:58:42",34.14953,-120.9002,712,
P1408MV,"Cycle 2",252,26,"2014-08-19 08:57:33",34.11518,-120.9205,710,
P1408MV,"Cycle 2",265,27,"2014-08-19 17:33:14",34.10368,-120.9408,707,
P1408MV,"Cycle 2",272,28,"2014-08-20 01:14:12",34.11769,-120.9401,965,
P1408MV,"Cycle 2",284,29,"2014-08-20 10:12:32",34.0919,-120.9657,711,"last cast cycle 2"
P1408MV,"Cycle 0",300,30,"2014-08-21 21:26:07",34.37563,-121.3882,1020,
P1408MV,"Cycle 3",308,31,"2014-08-22 08:58:31",34.38674,-121.3926,710,
P1408MV,"Cycle 3",314,32,"2014-08-22 11:46:34",34.39025,-121.3777,508,
P1408MV,"Cycle 3",324,33,"2014-08-22 18:19:25",34.40119,-121.3424,710,
P1408MV,"Cycle 3",331,34,"2014-08-23 02:39:00",34.39551,-121.292,711,
P1408MV,"Cycle 3",340,35,"2014-08-23 09:46:43",34.4141,-121.2787,711,
P1408MV,"Cycle 3",352,36,"2014-08-23 17:45:33",34.41176,-121.2232,711,
P1408MV,"Cycle 3",359,37,"2014-08-24 01:55:14",34.41217,-121.1622,711,
P1408MV,"Cycle 3",366,38,"2014-08-24 09:03:12",34.42529,-121.1457,712,
P1408MV,"Cycle 3",378,39,"2014-08-24 17:50:48",34.42006,-121.0989,709,
P1408MV,"Cycle 3",383,40,"2014-08-25 00:59:51",34.41584,-121.0464,708,
P1408MV,"Cycle 3",392,41,"2014-08-25 09:58:27",34.4337,-121.021,693,"cycle 3 last cast"
P1408MV,"Cycle 4",402,42,"2014-08-26 09:05:00",33.52164,-122.5587,709,"first cast cycle 4"
P1408MV,"Cycle 4",408,43,"2014-08-26 12:09:00",33.52219,-122.5405,1015,
P1408MV,"Cycle 4",420,44,"2014-08-26 19:01:00",33.52927,-122.5296,705,
P1408MV,"Cycle 4",428,45,"2014-08-27 08:58:00",33.53822,-122.5105,105,"Naval restrictions prevented us from going deeper"
P1408MV,"Cycle 4",441,46,"2014-08-27 17:53:00",33.56733,-122.4755,105,
P1408MV,"Cycle 4",446,47,"2014-08-28 02:11:00",33.58955,-122.4513,106,
P1408MV,"Cycle 4",454,48,"2014-08-28 08:58:00",33.60365,-122.4411,716,
P1408MV,"Cycle 4",468,49,"2014-08-28 18:19:00",33.6121,-122.4328,710,
P1408MV,"Cycle 4",477,50,"2014-08-29 05:14:00",33.61209,-122.3842,205,
P1408MV,"Cycle 4",486,51,"2014-08-29 10:45:00",33.63705,-122.401,711,"last cast cycle 4"
P1408MV,"Cycle 5",496,52,"2014-08-30 09:06:00",32.87864,-123.8983,710,
P1408MV,"Cycle 5",502,53,"2014-08-30 11:42:00",32.87291,-123.896,1015,
P1408MV,"Cycle 5",513,54,"2014-08-30 17:49:00",32.86121,-123.8894,711,
P1408MV,"Cycle 5",520,55,"2014-08-31 03:41:00",32.86444,-123.87,3024,
P1408MV,"Cycle 5",527,56,"2014-08-31 10:25:00",32.84071,-123.8673,311,"cast was late so we went only to 300"
P1408MV,"Cycle 5",539,57,"2014-08-31 18:01:00",32.83792,-123.8693,711,"Transmissometer problems - switched volt channels; now V4 Trans; V5 Altm
new con file:  MV1406-default-02_upv.com"
P1408MV,"Cycle 5",547,58,"2014-09-01 01:46:00",32.83059,-123.8651,3017,
P1408MV,"Cycle 5",554,59,"2014-09-01 09:11:00",32.81141,-123.8689,710,
P1408MV,"Cycle 5",566,60,"2014-09-01 17:49:00",32.81117,-123.8619,714,
P1408MV,"Cycle 5",575,61,"2014-09-02 01:29:00",32.79699,-123.8729,708,
P1408MV,"Cycle 5",585,62,"2014-09-02 08:59:00",32.77382,-123.8738,709,"last cast cycle 5"
P1408MV,MVP1,27,900,"2014-08-08 13:53:00",34.25162,-120.5953,,"sample taken from the ship's clean seawater line"
P1408MV,MVP1,28,901,"2014-08-08 14:33:00",34.34641,-120.5615,,"sample taken from the ship's clean seawater line"
P1408MV,MVP1,29,902,"2014-08-08 15:02:00",34.4139,-120.5368,,"sample taken from the ship's clean seawater line"
P1408MV,MVP1,30,903,"2014-08-08 17:09:00",34.30883,-120.7021,,"sample taken from the ship's clean seawater line"
P1408MV,MVP1,31,904,"2014-08-08 17:51:00",34.40239,-120.6531,,"sample taken from the ship's clean seawater line"
P1408MV,MVP1,32,905,"2014-08-08 18:34:00",34.49602,-120.6033,,"sample taken from the ship's clean seawater line"
P1408MV,MVP1,33,906,"2014-08-08 20:20:00",34.37939,-120.8107,,"sample taken from the ship's clean seawater line"
P1408MV,MVP1,34,907,"2014-08-08 21:12:00",34.45555,-120.7394,,"sample taken from the ship's clean seawater line"
P1408MV,MVP1,35,908,"2014-08-08 21:58:00",34.53144,-120.6684,,"sample taken from the ship's clean seawater line"
P1408MV,MVP1,36,909,"2014-08-08 23:43:00",34.46908,-120.8857,,"sample taken from the ship's clean seawater line"
P1408MV,MVP1,37,910,"2014-08-09 00:22:00",34.5235,-120.8003,,"sample taken from the ship's clean seawater line"
P1408MV,MVP1,38,911,"2014-08-09 01:02:00",34.57758,-120.716,,"sample taken from the ship's clean seawater line"
P1408MV,MVP1,39,912,"2014-08-09 01:50:00",34.57809,-120.8119,,"sample taken from the ship's clean seawater line"
P1408MV,MVP1,40,913,"2014-08-09 02:24:00",34.57853,-120.9084,,"sample taken from the ship's clean seawater line"
P1408MV,SeaSoar1,45,914,"2014-08-09 07:18:00",34.63046,-121.1765,,"sample taken from the ship's clean seawater line"
P1408MV,SeaSoar1,46,915,"2014-08-09 07:55:00",34.60551,-121.2704,,"sample taken from the ship's clean seawater line"
P1408MV,SeaSoar1,47,916,"2014-08-09 08:34:00",34.58126,-121.3666,,"sample taken from the ship's clean seawater line"
P1408MV,SeaSoar1,48,917,"2014-08-09 09:12:00",34.55709,-121.4619,,"sample taken from the ship's clean seawater line"
P1408MV,SeaSoar1,49,918,"2014-08-09 09:50:00",34.5334,-121.5558,,"sample taken from the ship's clean seawater line"
P1408MV,SeaSoar1,50,919,"2014-08-09 10:20:00",34.51524,-121.6274,,"sample taken from the ship's clean seawater line"
P1408MV,SeaSoar1,51,920,"2014-08-09 14:55:00",34.5688,-121.035,,"sample taken from the ship's clean seawater line"
P1408MV,SeaSoar1,52,921,"2014-08-09 15:25:00",34.59058,-120.9541,,"sample taken from the ship's clean seawater line"
P1408MV,SeaSoar1,53,922,"2014-08-09 16:15:00",34.50275,-120.9151,,"sample taken from the ship's clean seawater line"
P1408MV,SeaSoar1,54,923,"2014-08-09 16:47:00",34.4763,-120.994,,"sample taken from the ship's clean seawater line"
P1408MV,SeaSoar1,55,924,"2014-08-09 17:31:00",34.44755,-121.0999,,"sample taken from the ship's clean seawater line"
P1408MV,SeaSoar1,56,925,"2014-08-09 18:11:00",34.42112,-121.1973,,"sample taken from the ship's clean seawater line"
P1408MV,SeaSoar1,57,926,"2014-08-09 18:54:00",34.39345,-121.299,,"sample taken from the ship's clean seawater line"
P1408MV,SeaSoar1,58,927,"2014-08-09 19:37:00",34.36559,-121.4017,,"sample taken from the ship's clean seawater line"
P1408MV,SeaSoar1,59,928,"2014-08-09 20:20:00",34.33781,-121.5041,,"sample taken from the ship's clean seawater line"
P1408MV,SeaSoar1,60,929,"2014-08-09 20:51:00",34.31589,-121.5847,,"sample taken from the ship's clean seawater line"
P1408MV,SeaSoar1,61,930,"2014-08-10 03:43:00",34.3315,-120.7335,,"sample taken from the ship's clean seawater line"
P1408MV,SeaSoar1,62,931,"2014-08-10 04:23:00",34.30315,-120.8278,,"sample taken from the ship's clean seawater line"
P1408MV,SeaSoar1,63,932,"2014-08-10 05:03:00",34.2752,-120.9319,,"sample taken from the ship's clean seawater line"
P1408MV,SeaSoar1,64,933,"2014-08-10 05:43:00",34.24699,-121.0371,,"sample taken from the ship's clean seawater line"
P1408MV,SeaSoar1,65,934,"2014-08-10 06:23:00",34.21902,-121.1412,,"sample taken from the ship's clean seawater line"
P1408MV,SeaSoar1,66,935,"2014-08-10 07:01:00",34.19146,-121.2433,,"sample taken from the ship's clean seawater line"
P1408MV,SeaSoar1,67,936,"2014-08-10 07:42:00",34.16317,-121.3492,,"sample taken from the ship's clean seawater line"
P1408MV,Line90Transect,592,937,"2014-09-03 08:00:00",32.13036,-120.666,,"sample taken from the ship's clean seawater line"
P1408MV,Line90Transect,595,938,"2014-09-03 09:45:00",32.2269,-120.4735,,"sample taken from the ship's clean seawater line"
P1408MV,Line90Transect,596,939,"2014-09-03 11:08:00",32.31224,-120.3006,,"sample taken from the ship's clean seawater line"
P1408MV,Line90Transect,597,940,"2014-09-03 12:27:00",32.40065,-120.121,,"sample taken from the ship's clean seawater line"
P1408MV,Line90Transect,599,941,"2014-09-03 13:47:00",32.48917,-119.9415,,"sample taken from the ship's clean seawater line"
P1408MV,Line90Transect,602,942,"2014-09-03 15:14:00",32.58073,-119.755,,"sample taken from the ship's clean seawater line"
P1408MV,Line90Transect,603,943,"2014-09-03 16:06:00",32.62546,-119.665,,"sample taken from the ship's clean seawater line"
P1408MV,Line90Transect,607,944,"2014-09-03 17:04:00",32.67408,-119.5666,,"sample taken from the ship's clean seawater line"
P1408MV,Line90Transect,611,945,"2014-09-03 18:16:00",32.71658,-119.4806,,"sample taken from the ship's clean seawater line"
P1408MV,Line90Transect,614,946,"2014-09-03 19:08:00",32.76099,-119.3903,,"sample taken from the ship's clean seawater line"
P1408MV,Line90Transect,615,947,"2014-09-03 20:36:00",32.85144,-119.2045,,"sample taken from the ship's clean seawater line"
P1408MV,Line90Transect,616,948,"2014-09-03 22:30:00",33.05236,-119.0997,,"sample taken from the ship's clean seawater line"
P1408MV,Line90Transect,617,949,"2014-09-03 23:59:00",33.14061,-118.9326,,"sample taken from the ship's clean seawater line"
P1408MV,Line90Transect,619,950,"2014-09-04 01:24:00",33.21982,-118.755,,"sample taken from the ship's clean seawater line"
P1408MV,Line90Transect,623,951,"2014-09-04 02:17:00",33.26029,-118.6652,,"sample taken from the ship's clean seawater line"
P1604,TestCasts,7.2,1,"2016-04-19 18:16:17",33.31053,-118.9837,15,"The ISUS nitrate sensor was not used on this cruise"
P1604,TestCasts,11,2,"2016-04-20 16:39:19",33.30037,-118.9959,501,
P1604,"Cycle 1",29,4,"2016-04-22 09:33:39",32.97706,-123.0257,501,
P1604,"Cycle 1",38,5,"2016-04-22 18:13:05",33.01961,-122.9661,501,
P1604,"Cycle 1",42,6,"2016-04-23 01:03:43",33.03849,-122.9464,501,
P1604,"Cycle 1",49,7,"2016-04-23 09:23:43",33.08709,-122.9422,501,
P1604,"Cycle 0",60,8,"2016-04-25 03:19:49",32.6952,-117.3607,251,
P1604,"Cycle 0",77,9,"2016-04-25 14:10:11",32.79971,-117.5319,701,
P1604,"Cycle 0",83,10,"2016-04-27 17:33:34",33.43246,-122.628,501,
P1604,"Cycle 0",84,11,"2016-04-27 23:33:55",33.39338,-123.2152,500,
P1604,"Cycle 0",89,12,"2016-04-28 22:57:27",33.5955,-122.2025,606,
P1604,"Cycle 0",92,13,"2016-04-29 02:01:13",33.5913,-122.2003,3004,
P1604,"Cycle 2",98,14,"2016-04-29 09:12:16",33.58625,-122.2102,501,
P1604,"Cycle 2",111,15,"2016-04-29 18:03:06",33.55518,-122.129,502,
P1604,"Cycle 2",116,16,"2016-04-30 01:08:31",33.56833,-122.123,502,
P1604,"Cycle 2",125,17,"2016-04-30 09:27:01",33.52115,-122.0636,501,
P1604,"Cycle 2",132.2,18,"2016-04-30 18:14:44",33.526333,-122.036,502,
P1604,"Cycle 2",136,19,"2016-05-01 02:07:04",33.47547,-122.0004,502,
P1604,"Cycle 2",144,20,"2016-05-01 09:13:30",33.46712,-121.9671,501,
P1604,"Cycle 2",157,21,"2016-05-01 18:05:27",33.47333,-121.9383,501,
P1604,"Cycle 2",165,22,"2016-05-02 02:55:48",33.44817,-121.898,502,
P1604,"Cycle 2",174,23,"2016-05-02 09:07:05",33.45971,-121.8704,501,
P1604,"Cycle 3",184,24,"2016-05-03 06:44:41",34.80234,-121.2711,402,
P1604,"Cycle 3",188,25,"2016-05-03 09:08:26",34.79821,-121.2781,401,
P1604,"Cycle 3",196.2,26,"2016-05-03 18:07:56",34.763833,-121.292833,500,
P1604,"Cycle 3",200,27,"2016-05-04 01:04:50",34.72321,-121.2801,502,
P1604,"Cycle 3",211,28,"2016-05-04 09:08:47",34.66748,-121.2795,502,
P1604,"Cycle 3",222,29,"2016-05-04 18:07:01",34.61442,-121.2491,501,"As of Cast 29  RincoIII sensor data were not recorded properly because of a con-file error"
P1604,"Cycle 3",227.1,30,"2016-05-05 02:02:40",34.55798,-121.2017,200,
P1604,"Cycle 3",236,31,"2016-05-05 09:06:40",34.49893,-121.2228,501,
P1604,"Cycle 3",251,32,"2016-05-05 18:39:57",34.41723,-121.2227,1000,
P1604,"Cycle 3YoYo",254,33,"2016-05-05 21:51:15",34.40615,-121.2132,202,
P1604,"Cycle 3YoYo",,34,"2016-05-05 22:12:47",,,200,
P1604,"Cycle 3YoYo",,35,"2016-05-05 22:34:11",,,200,
P1604,"Cycle 3YoYo",,36,"2016-05-05 22:53:10",,,201,
P1604,"Cycle 3YoYo",257,37,"2016-05-06 01:05:22",34.39715,-121.2102,199,
P1604,"Cycle 3YoYo",,38,"2016-05-06 01:24:09",,,200,
P1604,"Cycle 3YoYo",,39,"2016-05-06 01:42:46",,,199,
P1604,"Cycle 3YoYo",,40,"2016-05-06 02:01:29",,,200,
P1604,"Cycle 3",,41,"2016-05-06 02:19:58",,,201,
P1604,"Cycle 3",264,42,"2016-05-06 09:07:29",34.2771,-121.172,501,
P1604,"Cycle 3",271,43,"2016-05-06 16:06:55",34.38338,-121.2244,200,
P1604,"Cycle 4",283,44,"2016-05-07 06:12:31",34.43634,-120.6905,201,
P1604,"Cycle 4",287,45,"2016-05-07 09:24:06",34.44363,-120.7007,302,
P1604,"Cycle 4",298,46,"2016-05-07 18:07:58",34.46778,-120.7077,302,
P1604,"Cycle 4",303,47,"2016-05-08 01:04:37",34.47458,-120.7328,301,
P1604,"Cycle 4",314,48,"2016-05-08 09:05:36",34.49891,-120.7824,302,
P1604,"Cycle 4",325,49,"2016-05-08 18:05:58",34.51473,-120.8002,301,
P1604,"Cycle 4",332,50,"2016-05-09 02:03:32",34.53174,-120.8359,151,
P1604,"Cycle 4",339,51,"2016-05-09 09:07:12",34.53391,-120.8731,401,
P1604,"Cycle 4",350,52,"2016-05-09 18:07:12",34.53614,-120.8859,500,
P1604,"Cycle 4",353.1,53,"2016-05-09 23:45:14",34.54898,-120.9023,201,
P1604,"Cycle 4",360,54,"2016-05-10 08:59:30",34.54394,-120.9405,501,
P1604,BBL_Study,365,55,"2016-05-10 14:27:20",34.38089,-121.0998,152,
P1604,BBL_Study,368,56,"2016-05-10 19:47:50",35.08661,-120.7697,64,
P1604,BBL_Study,372,57,"2016-05-10 22:21:36",34.88518,-120.7376,59,
P1604,BBL_Study,376,58,"2016-05-11 00:35:56",34.69517,-120.7097,51,
P1604,BBL_Study,381,59,"2016-05-11 02:18:01",34.56226,-120.7112,73,
P1604,BBL_Study,385,60,"2016-05-11 04:27:08",34.45625,-120.5208,65,
P1604,BBL_Study,390,61,"2016-05-11 06:00:39",34.41412,-120.4127,70,
P1604,"Cycle 0",395,62,"2016-05-11 10:14:19",34.00734,-120.9557,1001,
